locus,option_text,genotype
family,1. Full — C (CC),CC
family,2. Chinchilla — c(chd) (cchdcchd),cchdcchd
family,3. Seal — ch (chch),chch
family,4. Sable — c(y) (cycy),cycy
family,5. Himalayan — c(h) (cccc),cccc
family,6. Ruby-Eyed-White — c (cc),cc
color,1. Black (self),BB
color,2. Black (self, carries chocolate),Bb
color,3. Chocolate (self),bb
color,4. Black otter,BB
color,5. Chocolate otter,bb
color,6. Black tortoiseshell,BB
color,7. Chocolate tortoiseshell,bb
color,8. Chestnut (agouti),BB
color,9. Orange (agouti),Bb
color,10. Chocolate agouti,bb
agouti,1. Agouti,AA
agouti,2. Solid,aa
steel_harlequin,1. Steel — Es/Es,EsEs
steel_harlequin,2. Harlequin — Es/ej,Esej
broken,1. Broken — En/En,EnEn
broken,2. Carrier — En/en,Enen
vienna,1. Vienna — V/V,VV
vienna,2. Carrier — V/v,Vv
dutch,1. Dutch — Du/Du,DuDu
dutch,2. Carrier — Du/du,Dudu
silvering,1. Silvering — Si/Si,SiSi
silvering,2. Carrier — Si/si,Sisi
wideband,1. Wideband — W/W,WW
wideband,2. Carrier — W/w,Ww
lutino,1. Lutino — P/P,PP
lutino,2. Carrier — P/p,Pp